,X,Run,ReleaseDate,LoadDate,spots,bases,spots_with_mates,avgLength,size_MB,download_path,Experiment,LibraryName,LibraryStrategy,LibrarySelection,LibrarySource,LibraryLayout,InsertSize,InsertDev,Platform,Model,SRAStudy,BioProject,ProjectID,Sample,BioSample,TaxID,ScientificName,SampleName,CenterName,Submission,CVX_DETECTED,POTEXVIRUS_DETECTED
1,1,SRR7905834,12/29/18 00:16,9/26/18 23:29,23536515,5931201780,23536515,252,2782,https://sra-downloadb.be-md.ncbi.nlm.nih.gov/sos1/sra-pub-run-2/SRR7905834/SRR7905834.1,SRX4742023,Run_1724_Sample_72924,RNA-Seq,RANDOM,TRANSCRIPTOMIC,PAIRED,0,0,ILLUMINA,Illumina HiSeq 2500,SRP162684,PRJNA493215,493215,SRS3823336,SAMN10132121,130095,Ariocarpus retusus,Arre20,UNIVERSITY OF MICHIGAN,SRA784280,FALSE,TRUE
2,2,SRR7905835,12/29/18 00:16,9/26/18 23:32,26859072,6768486144,26859072,252,3355,https://sra-downloadb.be-md.ncbi.nlm.nih.gov/sos1/sra-pub-run-2/SRR7905835/SRR7905835.1,SRX4742022,Run_1724_Sample_72921,RNA-Seq,RANDOM,TRANSCRIPTOMIC,PAIRED,0,0,ILLUMINA,Illumina HiSeq 2500,SRP162684,PRJNA493215,493215,SRS3823333,SAMN10132122,362977,Astrophytum asterias,Asas15,UNIVERSITY OF MICHIGAN,SRA784280,FALSE,FALSE
3,3,SRR7905836,12/29/18 00:16,9/26/18 23:33,29142254,7343848008,29142254,252,3674,https://sra-downloadb.be-md.ncbi.nlm.nih.gov/sos1/sra-pub-run-2/SRR7905836/SRR7905836.1,SRX4742021,Run_1724_Sample_72916,RNA-Seq,RANDOM,TRANSCRIPTOMIC,PAIRED,0,0,ILLUMINA,Illumina HiSeq 2500,SRP162684,PRJNA493215,493215,SRS3823335,SAMN10132123,130098,Astrophytum myriostigma,Asmy08,UNIVERSITY OF MICHIGAN,SRA784280,FALSE,TRUE
4,4,SRR11190794,2/26/20 20:57,2/26/20 20:46,41176485,12352945500,41176485,300,3845,https://sra-download.ncbi.nlm.nih.gov/traces/sra19/SRR/010928/SRR11190794,SRX7810982,BR-1,RNA-Seq,PCR,TRANSCRIPTOMIC,PAIRED,0,0,ILLUMINA,Illumina HiSeq 4000,SRP250877,PRJNA608981,608981,SRS6223553,SAMN14217447,176265,Hylocereus undatus,BR-1,GUANGDONG ACADEMY OF AGRICULTURAL SCIENCE,SRA1048613,FALSE,FALSE
5,5,SRR11190793,2/26/20 21:05,2/26/20 21:01,27850856,8355256800,27850856,300,2557,https://sra-download.ncbi.nlm.nih.gov/traces/sra46/SRR/010928/SRR11190793,SRX7810983,BR-2,RNA-Seq,PCR,TRANSCRIPTOMIC,PAIRED,0,0,ILLUMINA,Illumina HiSeq 4000,SRP250877,PRJNA608981,608981,SRS6223554,SAMN14217448,176265,Hylocereus undatus,BR-2,GUANGDONG ACADEMY OF AGRICULTURAL SCIENCE,SRA1048613,TRUE,FALSE
6,6,SRR11190792,2/26/20 20:57,2/26/20 20:46,29806707,8942012100,29806707,300,2777,https://sra-download.ncbi.nlm.nih.gov/traces/sra33/SRR/010928/SRR11190792,SRX7810984,BR-3,RNA-Seq,PCR,TRANSCRIPTOMIC,PAIRED,0,0,ILLUMINA,Illumina HiSeq 4000,SRP250877,PRJNA608981,608981,SRS6223555,SAMN14217449,176265,Hylocereus undatus,BR-3,GUANGDONG ACADEMY OF AGRICULTURAL SCIENCE,SRA1048613,TRUE,FALSE
7,7,SRR11190791,2/26/20 20:57,2/26/20 20:39,29169699,8750909700,29169699,300,2799,https://sra-download.ncbi.nlm.nih.gov/traces/sra8/SRR/010928/SRR11190791,SRX7810985,BSJ-1,RNA-Seq,PCR,TRANSCRIPTOMIC,PAIRED,0,0,ILLUMINA,Illumina HiSeq 4000,SRP250877,PRJNA608981,608981,SRS6223556,SAMN14217450,176265,Hylocereus undatus,BSJ-1,GUANGDONG ACADEMY OF AGRICULTURAL SCIENCE,SRA1048613,TRUE,FALSE
8,8,SRR11190800,2/26/20 20:57,2/26/20 20:43,31943693,9583107900,31943693,300,3062,https://sra-download.ncbi.nlm.nih.gov/traces/sra54/SRR/010928/SRR11190800,SRX7810976,BSJ-2,RNA-Seq,PCR,TRANSCRIPTOMIC,PAIRED,0,0,ILLUMINA,Illumina HiSeq 4000,SRP250877,PRJNA608981,608981,SRS6223547,SAMN14217451,176265,Hylocereus undatus,BSJ-2,GUANGDONG ACADEMY OF AGRICULTURAL SCIENCE,SRA1048613,TRUE,FALSE
9,9,SRR11190799,2/26/20 21:10,2/26/20 20:52,40403859,12121157700,40403859,300,3879,https://sra-download.ncbi.nlm.nih.gov/traces/sra51/SRR/010928/SRR11190799,SRX7810977,BSJ-3,RNA-Seq,PCR,TRANSCRIPTOMIC,PAIRED,0,0,ILLUMINA,Illumina HiSeq 4000,SRP250877,PRJNA608981,608981,SRS6223548,SAMN14217452,176265,Hylocereus undatus,BSJ-3,GUANGDONG ACADEMY OF AGRICULTURAL SCIENCE,SRA1048613,TRUE,FALSE
10,10,SRR5605365,5/22/18 00:07,5/25/17 13:07,2250862,395921741,2247881,175,233,https://sra-downloadb.be-md.ncbi.nlm.nih.gov/sos2/sra-pub-run-7/SRR5605365/SRR5605365.1,SRX2857968,Blossfeldia_liliputana_204,OTHER,Hybrid Selection,GENOMIC,PAIRED,0,0,ILLUMINA,Illumina HiSeq 2000,SRP108044,PRJNA387599,387599,SRS2228698,SAMN07159084,154411,Blossfeldia liliputana,Blossfeldia_liliputana_204,"UNIVERSITY OF OKLAHOMA, MPBIO DEPT.",SRA566526,FALSE,FALSE
11,11,SRR7905856,12/29/18 00:16,9/26/18 20:56,21864113,5509756476,21864113,252,2657,https://sra-downloadb.be-md.ncbi.nlm.nih.gov/sos1/sra-pub-run-2/SRR7905856/SRR7905856.1,SRX4742001,Run_1724_Sample_72923,RNA-Seq,RANDOM,TRANSCRIPTOMIC,PAIRED,0,0,ILLUMINA,Illumina HiSeq 2500,SRP162684,PRJNA493215,493215,SRS3823314,SAMN10132124,2358336,Stenocereus yunckeri,Ceyu18,UNIVERSITY OF MICHIGAN,SRA784280,FALSE,TRUE
12,12,SRR7905838,12/29/18 00:16,9/26/18 21:07,36182990,9118113480,36182990,252,4833,https://sra-downloadb.be-md.ncbi.nlm.nih.gov/sos1/sra-pub-run-2/SRR7905838/SRR7905838.1,SRX4742019,Run_1691_Sample_72686,RNA-Seq,RANDOM,TRANSCRIPTOMIC,PAIRED,0,0,ILLUMINA,Illumina HiSeq 2500,SRP162684,PRJNA493215,493215,SRS3823332,SAMN10132125,1677709,Copiapoa desertorum,Code1013,UNIVERSITY OF MICHIGAN,SRA784280,FALSE,FALSE
13,13,SRR7905839,12/29/18 00:16,9/26/18 23:31,28212910,7109653320,28212910,252,3305,https://sra-downloadb.be-md.ncbi.nlm.nih.gov/sos1/sra-pub-run-2/SRR7905839/SRR7905839.1,SRX4742018,Run_1724_Sample_72929,RNA-Seq,RANDOM,TRANSCRIPTOMIC,PAIRED,0,0,ILLUMINA,Illumina HiSeq 2500,SRP162684,PRJNA493215,493215,SRS3823330,SAMN10132126,866957,Coryphantha maiz-tablasensis,Coma28,UNIVERSITY OF MICHIGAN,SRA784280,FALSE,TRUE
14,14,SRR11190802,2/26/20 20:57,2/26/20 20:43,24378763,7313628900,24378763,300,2318,https://sra-download.ncbi.nlm.nih.gov/traces/sra45/SRR/010928/SRR11190802,SRX7810974,DH-1,RNA-Seq,PCR,TRANSCRIPTOMIC,PAIRED,0,0,ILLUMINA,Illumina HiSeq 4000,SRP250877,PRJNA608981,608981,SRS6223545,SAMN14217441,1195597,Hylocereus polyrhizus,DH-1,GUANGDONG ACADEMY OF AGRICULTURAL SCIENCE,SRA1048613,TRUE,FALSE
15,15,SRR11190801,2/26/20 20:58,2/26/20 20:55,28236683,8471004900,28236683,300,2706,https://sra-download.ncbi.nlm.nih.gov/traces/sra24/SRR/010928/SRR11190801,SRX7810975,DH-2,RNA-Seq,PCR,TRANSCRIPTOMIC,PAIRED,0,0,ILLUMINA,Illumina HiSeq 4000,SRP250877,PRJNA608981,608981,SRS6223546,SAMN14217442,1195597,Hylocereus polyrhizus,DH-2,GUANGDONG ACADEMY OF AGRICULTURAL SCIENCE,SRA1048613,TRUE,FALSE
16,16,SRR11190798,2/26/20 20:40,2/26/20 20:38,26317269,7895180700,26317269,300,2510,https://sra-download.ncbi.nlm.nih.gov/traces/sra69/SRR/010928/SRR11190798,SRX7810978,DH-3,RNA-Seq,PCR,TRANSCRIPTOMIC,PAIRED,0,0,ILLUMINA,Illumina HiSeq 4000,SRP250877,PRJNA608981,608981,SRS6223549,SAMN14217443,1195597,Hylocereus polyrhizus,DH-3,GUANGDONG ACADEMY OF AGRICULTURAL SCIENCE,SRA1048613,TRUE,FALSE
17,17,SRR7905840,12/29/18 00:16,9/26/18 23:34,33409525,8419200300,33409525,252,4150,https://sra-downloadb.be-md.ncbi.nlm.nih.gov/sos1/sra-pub-run-2/SRR7905840/SRR7905840.1,SRX4742017,Run_1724_Sample_72917,RNA-Seq,RANDOM,TRANSCRIPTOMIC,PAIRED,0,0,ILLUMINA,Illumina HiSeq 2500,SRP162684,PRJNA493215,493215,SRS3823331,SAMN10132127,722778,Echinopsis aurea,Ecau09,UNIVERSITY OF MICHIGAN,SRA784280,FALSE,TRUE
18,18,SRR7905831,12/29/18 00:16,9/26/18 23:26,24005885,6049483020,24005885,252,2849,https://sra-downloadb.be-md.ncbi.nlm.nih.gov/sos1/sra-pub-run-2/SRR7905831/SRR7905831.1,SRX4742026,Run_1724_Sample_72931,RNA-Seq,RANDOM,TRANSCRIPTOMIC,PAIRED,0,0,ILLUMINA,Illumina HiSeq 2500,SRP162684,PRJNA493215,493215,SRS3823341,SAMN10132128,2364975,Eriosyce wagenknechtii,Erwa30,UNIVERSITY OF MICHIGAN,SRA784280,FALSE,TRUE
19,19,SRR11190797,2/26/20 20:57,2/26/20 20:42,29049036,8714710800,29049036,300,2766,https://sra-download.ncbi.nlm.nih.gov/traces/sra8/SRR/010928/SRR11190797,SRX7810979,FR-1,RNA-Seq,PCR,TRANSCRIPTOMIC,PAIRED,0,0,ILLUMINA,Illumina HiSeq 4000,SRP250877,PRJNA608981,608981,SRS6223550,SAMN14217444,1195597,Hylocereus polyrhizus,FR-1,GUANGDONG ACADEMY OF AGRICULTURAL SCIENCE,SRA1048613,TRUE,FALSE
20,20,SRR11190796,2/26/20 20:58,2/26/20 20:54,39179749,11753924700,39179749,300,3559,https://sra-download.ncbi.nlm.nih.gov/traces/sra37/SRR/010928/SRR11190796,SRX7810980,FR-2,RNA-Seq,PCR,TRANSCRIPTOMIC,PAIRED,0,0,ILLUMINA,Illumina HiSeq 4000,SRP250877,PRJNA608981,608981,SRS6223551,SAMN14217445,1195597,Hylocereus polyrhizus,FR-2,GUANGDONG ACADEMY OF AGRICULTURAL SCIENCE,SRA1048613,TRUE,FALSE
21,21,SRR11190795,2/26/20 21:11,2/26/20 20:57,39662085,11898625500,39662085,300,3693,https://sra-download.ncbi.nlm.nih.gov/traces/sra51/SRR/010928/SRR11190795,SRX7810981,FR-3,RNA-Seq,PCR,TRANSCRIPTOMIC,PAIRED,0,0,ILLUMINA,Illumina HiSeq 4000,SRP250877,PRJNA608981,608981,SRS6223552,SAMN14217446,1195597,Hylocereus polyrhizus,FR-3,GUANGDONG ACADEMY OF AGRICULTURAL SCIENCE,SRA1048613,TRUE,FALSE
22,22,SRR7905830,12/29/18 00:16,9/26/18 15:20,26568248,6695198496,26568248,252,3264,https://sra-downloadb.be-md.ncbi.nlm.nih.gov/sos1/sra-pub-run-2/SRR7905830/SRR7905830.1,SRX4742027,Run_1724_Sample_72933,RNA-Seq,RANDOM,TRANSCRIPTOMIC,PAIRED,0,0,ILLUMINA,Illumina HiSeq 2500,SRP162684,PRJNA493215,493215,SRS3823342,SAMN10132129,130125,Ferocactus latispinus,Fela32,UNIVERSITY OF MICHIGAN,SRA784280,FALSE,TRUE
23,23,SRR6159188,5/25/18 15:38,10/11/17 14:27,20176467,4035293400,20176467,200,2544,https://sra-downloadb.be-md.ncbi.nlm.nih.gov/sos2/sra-pub-run-11/SRR6159188/SRR6159188.1,SRX3270825,,RNA-Seq,cDNA,TRANSCRIPTOMIC,PAIRED,0,0,ILLUMINA,Illumina HiSeq 2000,SRP119770,PRJNA413949,413949,SRS2582447,SAMN07774973,154437,Pachycereus pringlei,GSM2808493,GEO,SRA618738,FALSE,FALSE
24,24,SRR6159189,5/25/18 15:38,10/11/17 14:32,24640889,4928177800,24640889,200,3109,https://sra-downloadb.be-md.ncbi.nlm.nih.gov/sos2/sra-pub-run-11/SRR6159189/SRR6159189.1,SRX3270826,,RNA-Seq,cDNA,TRANSCRIPTOMIC,PAIRED,0,0,ILLUMINA,Illumina HiSeq 2000,SRP119770,PRJNA413949,413949,SRS2582448,SAMN07774972,154437,Pachycereus pringlei,GSM2808494,GEO,SRA618738,FALSE,FALSE
25,25,SRR6159190,5/25/18 15:38,10/11/17 14:31,25259643,5051928600,25259643,200,3193,https://sra-downloadb.be-md.ncbi.nlm.nih.gov/sos2/sra-pub-run-11/SRR6159190/SRR6159190.1,SRX3270827,,RNA-Seq,cDNA,TRANSCRIPTOMIC,PAIRED,0,0,ILLUMINA,Illumina HiSeq 2000,SRP119770,PRJNA413949,413949,SRS2582449,SAMN07774971,154437,Pachycereus pringlei,GSM2808495,GEO,SRA618738,FALSE,FALSE
26,26,SRR6159191,5/25/18 15:38,10/11/17 14:22,21748856,4349771200,21748856,200,2756,https://sra-downloadb.be-md.ncbi.nlm.nih.gov/sos2/sra-pub-run-11/SRR6159191/SRR6159191.1,SRX3270828,,RNA-Seq,cDNA,TRANSCRIPTOMIC,PAIRED,0,0,ILLUMINA,Illumina HiSeq 2000,SRP119770,PRJNA413949,413949,SRS2582450,SAMN07774970,154437,Pachycereus pringlei,GSM2808496,GEO,SRA618738,FALSE,FALSE
27,27,SRR6159192,5/25/18 15:38,10/11/17 14:31,23000111,4600022200,23000111,200,2909,https://sra-downloadb.be-md.ncbi.nlm.nih.gov/sos2/sra-pub-run-11/SRR6159192/SRR6159192.1,SRX3270829,,RNA-Seq,cDNA,TRANSCRIPTOMIC,PAIRED,0,0,ILLUMINA,Illumina HiSeq 2000,SRP119770,PRJNA413949,413949,SRS2582451,SAMN07774969,154437,Pachycereus pringlei,GSM2808497,GEO,SRA618738,FALSE,FALSE
28,28,SRR6159193,5/25/18 15:38,10/11/17 14:25,24794112,4958822400,24794112,200,3152,https://sra-downloadb.be-md.ncbi.nlm.nih.gov/sos2/sra-pub-run-11/SRR6159193/SRR6159193.1,SRX3270830,,RNA-Seq,cDNA,TRANSCRIPTOMIC,PAIRED,0,0,ILLUMINA,Illumina HiSeq 2000,SRP119770,PRJNA413949,413949,SRS2582452,SAMN07774974,154437,Pachycereus pringlei,GSM2808498,GEO,SRA618738,FALSE,FALSE
29,29,SRR7829958,1/23/19 17:24,9/14/18 12:44,18077436,5423230800,18077436,300,2035,https://sra-downloadb.be-md.ncbi.nlm.nih.gov/sos1/sra-pub-run-1/SRR7829958/SRR7829958.1,SRX4680921,,RNA-Seq,cDNA,TRANSCRIPTOMIC,PAIRED,0,0,ILLUMINA,Illumina HiSeq 2000,SRP161778,PRJNA490886,490886,SRS3774553,SAMN10060947,1195597,Hylocereus polyrhizus,GSM3389637,GEO,SRA774031,FALSE,TRUE
30,30,SRR7829959,1/23/19 17:24,9/14/18 12:43,17980871,5394261300,17980871,300,1996,https://sra-downloadb.be-md.ncbi.nlm.nih.gov/sos1/sra-pub-run-1/SRR7829959/SRR7829959.1,SRX4680922,,RNA-Seq,cDNA,TRANSCRIPTOMIC,PAIRED,0,0,ILLUMINA,Illumina HiSeq 2000,SRP161778,PRJNA490886,490886,SRS3774554,SAMN10060946,1195597,Hylocereus polyrhizus,GSM3389638,GEO,SRA774031,FALSE,TRUE
31,31,SRR7829960,1/23/19 17:24,9/14/18 12:43,17921638,5376491400,17921638,300,2050,https://sra-downloadb.be-md.ncbi.nlm.nih.gov/sos1/sra-pub-run-1/SRR7829960/SRR7829960.1,SRX4680923,,RNA-Seq,cDNA,TRANSCRIPTOMIC,PAIRED,0,0,ILLUMINA,Illumina HiSeq 2000,SRP161778,PRJNA490886,490886,SRS3774555,SAMN10060945,1195597,Hylocereus polyrhizus,GSM3389639,GEO,SRA774031,FALSE,TRUE
32,32,SRR7829961,1/23/19 17:24,9/14/18 12:47,18031879,5409563700,18031879,300,2062,https://sra-downloadb.be-md.ncbi.nlm.nih.gov/sos1/sra-pub-run-1/SRR7829961/SRR7829961.1,SRX4680924,,RNA-Seq,cDNA,TRANSCRIPTOMIC,PAIRED,0,0,ILLUMINA,Illumina HiSeq 2000,SRP161778,PRJNA490886,490886,SRS3774556,SAMN10060944,1195597,Hylocereus polyrhizus,GSM3389640,GEO,SRA774031,FALSE,TRUE
33,33,SRR7905852,12/29/18 00:16,9/26/18 15:19,25035090,6308842680,25035090,252,3325,https://sra-downloadb.be-md.ncbi.nlm.nih.gov/sos1/sra-pub-run-2/SRR7905852/SRR7905852.1,SRX4742005,Run_1691_Sample_72685,RNA-Seq,RANDOM,TRANSCRIPTOMIC,PAIRED,0,0,ILLUMINA,Illumina HiSeq 2500,SRP162684,PRJNA493215,493215,SRS3823318,SAMN10132130,106976,Grusonia bradtiana,Grbr1013,UNIVERSITY OF MICHIGAN,SRA784280,FALSE,FALSE
34,34,SRR7905853,12/29/18 00:16,9/26/18 21:04,31568322,7955217144,31568322,252,3894,https://sra-downloadb.be-md.ncbi.nlm.nih.gov/sos1/sra-pub-run-2/SRR7905853/SRR7905853.1,SRX4742004,Run_1724_Sample_72914,RNA-Seq,RANDOM,TRANSCRIPTOMIC,PAIRED,0,0,ILLUMINA,Illumina HiSeq 2500,SRP162684,PRJNA493215,493215,SRS3823317,SAMN10132131,484760,Gymnocalycium mihanovichii,Gymi06,UNIVERSITY OF MICHIGAN,SRA784280,FALSE,TRUE
35,35,SRR10423977,1/15/20 00:07,11/9/19 08:52,17036816,851840800,0,50,354,https://sra-download.ncbi.nlm.nih.gov/traces/sra64/SRR/010179/SRR10423977,SRX7120058,hqzR1,RNA-Seq,cDNA,TRANSCRIPTOMIC,SINGLE,0,0,ILLUMINA,Illumina HiSeq 2500,SRP229379,PRJNA588519,588519,SRS5630093,SAMN13253272,1195128,Hylocereus monacanthus,Hp19d_1,SOUTH CHINA AGRICULTURAL UNIVERSITY,SRA993658,FALSE,FALSE
36,36,SRR10423976,1/15/20 00:07,11/9/19 08:51,16995239,849761950,0,50,353,https://sra-download.ncbi.nlm.nih.gov/traces/sra23/SRR/010179/SRR10423976,SRX7120059,hqzR2,RNA-Seq,cDNA,TRANSCRIPTOMIC,SINGLE,0,0,ILLUMINA,Illumina HiSeq 2500,SRP229379,PRJNA588519,588519,SRS5630094,SAMN13253273,1195128,Hylocereus monacanthus,Hp19d_2,SOUTH CHINA AGRICULTURAL UNIVERSITY,SRA993658,FALSE,FALSE
37,37,SRR10423975,1/15/20 00:07,11/9/19 08:52,18074524,903726200,0,50,383,https://sra-download.ncbi.nlm.nih.gov/traces/sra15/SRR/010179/SRR10423975,SRX7120060,hqzR3,RNA-Seq,cDNA,TRANSCRIPTOMIC,SINGLE,0,0,ILLUMINA,Illumina HiSeq 2500,SRP229379,PRJNA588519,588519,SRS5630095,SAMN13253274,1195128,Hylocereus monacanthus,Hp25d_1,SOUTH CHINA AGRICULTURAL UNIVERSITY,SRA993658,FALSE,FALSE
38,38,SRR10423974,1/15/20 00:07,11/9/19 08:51,13088148,654407400,0,50,273,https://sra-download.ncbi.nlm.nih.gov/traces/sra10/SRR/010179/SRR10423974,SRX7120061,hqzR4,RNA-Seq,cDNA,TRANSCRIPTOMIC,SINGLE,0,0,ILLUMINA,Illumina HiSeq 2500,SRP229379,PRJNA588519,588519,SRS5630096,SAMN13253275,1195128,Hylocereus monacanthus,Hp25d_2,SOUTH CHINA AGRICULTURAL UNIVERSITY,SRA993658,FALSE,FALSE
39,39,SRR10423973,1/15/20 00:07,11/9/19 08:51,13850978,692548900,0,50,288,https://sra-download.ncbi.nlm.nih.gov/traces/sra61/SRR/010179/SRR10423973,SRX7120062,hqzR5,RNA-Seq,cDNA,TRANSCRIPTOMIC,SINGLE,0,0,ILLUMINA,Illumina HiSeq 2500,SRP229379,PRJNA588519,588519,SRS5630097,SAMN13253276,1195128,Hylocereus monacanthus,Hp29d_1,SOUTH CHINA AGRICULTURAL UNIVERSITY,SRA993658,FALSE,FALSE
40,40,SRR10423972,1/15/20 00:07,11/9/19 08:51,17042009,852100450,0,50,357,https://sra-download.ncbi.nlm.nih.gov/traces/sra54/SRR/010179/SRR10423972,SRX7120063,hqzR6,RNA-Seq,cDNA,TRANSCRIPTOMIC,SINGLE,0,0,ILLUMINA,Illumina HiSeq 2500,SRP229379,PRJNA588519,588519,SRS5630098,SAMN13253277,1195128,Hylocereus monacanthus,Hp29d_2,SOUTH CHINA AGRICULTURAL UNIVERSITY,SRA993658,FALSE,FALSE
41,41,SRR8327214,1/6/20 00:03,12/17/18 06:32,75355027,22606508100,75355027,300,8557,https://sra-download.ncbi.nlm.nih.gov/traces/sra74/SRR/008132/SRR8327214,SRX5138926,HuLx1,RNA-Seq,other,TRANSCRIPTOMIC,PAIRED,0,0,ILLUMINA,Illumina HiSeq 4000,SRP173572,PRJNA509494,509494,SRS4150435,SAMN10583669,176265,Hylocereus undatus,HuLx,HENAN UNIVERSITY OF SCIENCE AND TECHNOLOGY,SRA823685,FALSE,TRUE
42,42,SRR8327215,1/6/20 00:03,12/17/18 06:21,67345716,20203714800,67345716,300,7624,https://sra-download.ncbi.nlm.nih.gov/traces/sra74/SRR/008132/SRR8327215,SRX5138925,HuLx2,RNA-Seq,other,TRANSCRIPTOMIC,PAIRED,0,0,ILLUMINA,Illumina HiSeq 4000,SRP173572,PRJNA509494,509494,SRS4150435,SAMN10583669,176265,Hylocereus undatus,HuLx,HENAN UNIVERSITY OF SCIENCE AND TECHNOLOGY,SRA823685,FALSE,TRUE
43,43,SRR7846277,9/16/18 03:11,9/16/18 01:39,3891449,957948799,3891449,246,557,https://sra-downloadb.be-md.ncbi.nlm.nih.gov/sos1/sra-pub-run-2/SRR7846277/SRR7846277.1,SRX4697067,JTBB,RNA-Seq,cDNA,TRANSCRIPTOMIC,PAIRED,0,0,ILLUMINA,Illumina MiSeq,SRP161841,PRJNA491244,491244,SRS3786904,SAMN10068015,307721,Leuenbergeria bleo,JTBB,UNIVERSITI MALAYSIA PAHANG,SRA775632,FALSE,TRUE
44,44,SRR7848078,9/16/18 04:06,9/16/18 01:47,4379433,1036659314,4379433,236,608,https://sra-downloadb.be-md.ncbi.nlm.nih.gov/sos1/sra-pub-run-2/SRR7848078/SRR7848078.1,SRX4698868,JTBD,RNA-Seq,cDNA,TRANSCRIPTOMIC,PAIRED,0,0,ILLUMINA,Illumina MiSeq,SRP161844,PRJNA491243,491243,SRS3786918,SAMN10068014,307721,Leuenbergeria bleo,JTBD,UNIVERSITI MALAYSIA PAHANG,SRA775634,FALSE,TRUE
45,45,SRR7905854,12/29/18 00:16,9/26/18 23:29,24081576,6068557152,24081576,252,2877,https://sra-downloadb.be-md.ncbi.nlm.nih.gov/sos1/sra-pub-run-2/SRR7905854/SRR7905854.1,SRX4742003,Run_1724_Sample_72932,RNA-Seq,RANDOM,TRANSCRIPTOMIC,PAIRED,0,0,ILLUMINA,Illumina HiSeq 2500,SRP162684,PRJNA493215,493215,SRS3823315,SAMN10132132,154401,Leuenbergeria guamacho,Legu31,UNIVERSITY OF MICHIGAN,SRA784280,FALSE,TRUE
46,46,SRR7905850,12/29/18 00:16,9/26/18 23:46,35207489,10632661678,35207489,302,3805,https://sra-downloadb.be-md.ncbi.nlm.nih.gov/sos1/sra-pub-run-2/SRR7905850/SRR7905850.1,SRX4742007,Run_1565_Sample_61538,RNA-Seq,RANDOM,TRANSCRIPTOMIC,PAIRED,0,0,ILLUMINA,Illumina HiSeq 4000,SRP162684,PRJNA493215,493215,SRS3823320,SAMN10132136,1041212,Opuntia arenaria,MJM2911,UNIVERSITY OF MICHIGAN,SRA784280,FALSE,FALSE
47,47,SRR7905851,12/29/18 00:16,9/26/18 23:35,28621211,6783227007,28621211,237,3565,https://sra-downloadb.be-md.ncbi.nlm.nih.gov/sos1/sra-pub-run-2/SRR7905851/SRR7905851.1,SRX4742006,Run_1599_Sample_67179,RNA-Seq,RANDOM,TRANSCRIPTOMIC,PAIRED,0,0,ILLUMINA,Illumina HiSeq 2500,SRP162684,PRJNA493215,493215,SRS3823319,SAMN10132137,722799,Rhipsalis baccifera,MJM2938,UNIVERSITY OF MICHIGAN,SRA784280,FALSE,FALSE
48,48,SRR7905855,12/29/18 00:16,9/26/18 15:25,29270898,7376266296,29270898,252,3706,https://sra-downloadb.be-md.ncbi.nlm.nih.gov/sos1/sra-pub-run-2/SRR7905855/SRR7905855.1,SRX4742002,Run_1724_Sample_72919,RNA-Seq,RANDOM,TRANSCRIPTOMIC,PAIRED,0,0,ILLUMINA,Illumina HiSeq 2500,SRP162684,PRJNA493215,493215,SRS3823316,SAMN10132133,432503,Matucana aurantiaca,Maau13,UNIVERSITY OF MICHIGAN,SRA784280,FALSE,TRUE
49,49,SRR7905848,12/29/18 00:16,9/26/18 23:38,37031249,9331874748,37031249,252,4752,https://sra-downloadb.be-md.ncbi.nlm.nih.gov/sos1/sra-pub-run-2/SRR7905848/SRR7905848.1,SRX4742009,Run_1691_Sample_72687,RNA-Seq,RANDOM,TRANSCRIPTOMIC,PAIRED,0,0,ILLUMINA,Illumina HiSeq 2500,SRP162684,PRJNA493215,493215,SRS3823327,SAMN10132134,1112772,Maihueniopsis conoidea,Maco1013,UNIVERSITY OF MICHIGAN,SRA784280,FALSE,TRUE
50,50,SRR5605355,5/22/18 00:07,5/25/17 13:07,2528650,444419984,2520500,175,265,https://sra-downloadb.be-md.ncbi.nlm.nih.gov/sos2/sra-pub-run-7/SRR5605355/SRR5605355.1,SRX2857978,Maihuenia_poeppigii_205,OTHER,Hybrid Selection,GENOMIC,PAIRED,0,0,ILLUMINA,Illumina HiSeq 2000,SRP108044,PRJNA387599,387599,SRS2228708,SAMN07159104,106974,Maihuenia poeppigii,Maihuenia_poeppigii_205,"UNIVERSITY OF OKLAHOMA, MPBIO DEPT.",SRA566526,FALSE,FALSE
51,51,SRR6238171,11/22/18 00:23,10/31/17 11:29,2176305,387360379,2176305,177,229,https://sra-downloadb.be-md.ncbi.nlm.nih.gov/sos2/sra-pub-run-11/SRR6238171/SRR6238171.1,SRX3346403,Maihueniopsis_glomerata_116,OTHER,Hybrid Selection,GENOMIC,PAIRED,0,0,ILLUMINA,Illumina HiSeq 2000,SRP123153,PRJNA415977,415977,SRS2646644,SAMN07839348,867402,Maihueniopsis glomerata,Maihueniopsis_glomerata_116,UNIVERSITY OF OKLAHOMA,SRA626644,FALSE,FALSE
52,52,SRR5605354,5/22/18 00:07,5/25/17 13:07,1668308,296930705,1668308,177,181,https://sra-downloadb.be-md.ncbi.nlm.nih.gov/sos2/sra-pub-run-7/SRR5605354/SRR5605354.1,SRX2857979,Mammillaria_plumosa_117,OTHER,Hybrid Selection,GENOMIC,PAIRED,0,0,ILLUMINA,Illumina HiSeq 2000,SRP108044,PRJNA387599,387599,SRS2228709,SAMN07159105,130150,Mammillaria plumosa,Mammillaria_plumosa_117,"UNIVERSITY OF OKLAHOMA, MPBIO DEPT.",SRA566526,FALSE,FALSE
53,53,SRR7905849,12/29/18 00:16,9/26/18 15:22,26240156,6612519312,26240156,252,3133,https://sra-downloadb.be-md.ncbi.nlm.nih.gov/sos1/sra-pub-run-2/SRR7905849/SRR7905849.1,SRX4742008,Run_1724_Sample_72927,RNA-Seq,RANDOM,TRANSCRIPTOMIC,PAIRED,0,0,ILLUMINA,Illumina HiSeq 2500,SRP162684,PRJNA493215,493215,SRS3823321,SAMN10132135,106974,Maihuenia poeppigii,Mapo24,UNIVERSITY OF MICHIGAN,SRA784280,FALSE,TRUE
54,54,SRR7905846,12/29/18 00:16,9/26/18 23:32,27061852,6819586704,27061852,252,3368,https://sra-downloadb.be-md.ncbi.nlm.nih.gov/sos1/sra-pub-run-2/SRR7905846/SRR7905846.1,SRX4742011,Run_1724_Sample_72922,RNA-Seq,RANDOM,TRANSCRIPTOMIC,PAIRED,0,0,ILLUMINA,Illumina HiSeq 2500,SRP162684,PRJNA493215,493215,SRS3823323,SAMN10132138,867478,Opuntia bravoana,Opbr17,UNIVERSITY OF MICHIGAN,SRA784280,FALSE,TRUE
55,55,SRR5605359,5/22/18 00:07,5/25/17 13:08,2089562,367508227,2086385,175,218,https://sra-downloadb.be-md.ncbi.nlm.nih.gov/sos2/sra-pub-run-7/SRR5605359/SRR5605359.1,SRX2857974,Opuntia_subulata_208,OTHER,Hybrid Selection,GENOMIC,PAIRED,0,0,ILLUMINA,Illumina HiSeq 2000,SRP108044,PRJNA387599,387599,SRS2228704,SAMN07159108,106982,Austrocylindropuntia subulata,Opuntia_subulata_208,"UNIVERSITY OF OKLAHOMA, MPBIO DEPT.",SRA566526,FALSE,FALSE
56,56,SRR5137214,10/24/17 00:00,1/2/17 10:32,98845877,29851454854,98845877,302,12032,https://sra-downloadb.be-md.ncbi.nlm.nih.gov/sos2/sra-pub-run-9/SRR5137214/SRR5137214.1,SRX2455205,Ppri-PE1,WGS,RANDOM,GENOMIC,PAIRED,0,0,ILLUMINA,NextSeq 500,SRP093540,PRJNA318822,318822,SRS1888479,SAMN06196469,154437,Pachycereus pringlei,Pachycereus pringlei,THE UNIVERSITY OF ARIZONA,SRA515895,FALSE,FALSE
57,57,SRR5137211,10/24/17 00:00,1/2/17 10:44,122206499,36906362698,122206499,302,14870,https://sra-downloadb.be-md.ncbi.nlm.nih.gov/sos2/sra-pub-run-9/SRR5137211/SRR5137211.1,SRX2455202,Lsc-PE1,WGS,RANDOM,GENOMIC,PAIRED,0,0,ILLUMINA,NextSeq 500,SRP093540,PRJNA318822,318822,SRS1888476,SAMN06196470,153875,Lophocereus schottii,Pachycereus schottii,THE UNIVERSITY OF ARIZONA,SRA515895,FALSE,FALSE
58,58,SRR7905847,12/29/18 00:16,9/26/18 15:19,23407957,5898805164,23407957,252,2814,https://sra-downloadb.be-md.ncbi.nlm.nih.gov/sos1/sra-pub-run-2/SRR7905847/SRR7905847.1,SRX4742010,Run_1724_Sample_72926,RNA-Seq,RANDOM,TRANSCRIPTOMIC,PAIRED,0,0,ILLUMINA,Illumina HiSeq 2500,SRP162684,PRJNA493215,493215,SRS3823322,SAMN10132139,154433,Lophocereus gatesii,Paga22,UNIVERSITY OF MICHIGAN,SRA784280,FALSE,TRUE
59,59,SRR7905861,12/29/18 00:16,9/26/18 21:02,29434450,7417481400,29434450,252,3453,https://sra-downloadb.be-md.ncbi.nlm.nih.gov/sos1/sra-pub-run-2/SRR7905861/SRR7905861.1,SRX4741996,Run_1724_Sample_72930,RNA-Seq,RANDOM,TRANSCRIPTOMIC,PAIRED,0,0,ILLUMINA,Illumina HiSeq 2500,SRP162684,PRJNA493215,493215,SRS3823308,SAMN10132140,336129,Peniocereus cuixmalensis,Pecu29,UNIVERSITY OF MICHIGAN,SRA784280,FALSE,FALSE
60,60,SRR6269778,10/31/18 00:09,11/8/17 15:44,33175793,6701510186,33175793,202,3406,https://sra-downloadb.be-md.ncbi.nlm.nih.gov/sos1/sra-pub-run-1/SRR6269778/SRR6269778.1,SRX3375857,pb,RNA-Seq,cDNA,TRANSCRIPTOMIC,PAIRED,0,0,ILLUMINA,Illumina HiSeq 2500,SRP124649,PRJNA416167,416167,SRS2672153,SAMN07943319,307721,Leuenbergeria bleo,Pereskia bleo,NANYANG TECHNOLOGICAL UNIVERSITY,SRA625891,FALSE,TRUE
61,61,SRR5137212,10/24/17 00:00,1/2/17 11:26,60696516,16763277841,60696516,276,7643,https://sra-downloadb.be-md.ncbi.nlm.nih.gov/sos2/sra-pub-run-9/SRR5137212/SRR5137212.1,SRX2455203,Phum-PE1,WGS,RANDOM,GENOMIC,PAIRED,0,0,ILLUMINA,NextSeq 500,SRP093540,PRJNA318822,318822,SRS1888477,SAMN06196472,1931378,Pereskia humboldtii,Pereskia horrida,THE UNIVERSITY OF ARIZONA,SRA515895,FALSE,FALSE
62,62,SRR6238147,11/22/18 00:23,10/31/17 11:29,5025391,1416899661,5025391,281,517,https://sra-downloadb.be-md.ncbi.nlm.nih.gov/sos2/sra-pub-run-11/SRR6238147/SRR6238147.1,SRX3346427,Pereskia_bleo_69,OTHER,Hybrid Selection,GENOMIC,PAIRED,0,0,ILLUMINA,Illumina HiSeq 3000,SRP123153,PRJNA415977,415977,SRS2646667,SAMN07839380,307721,Leuenbergeria bleo,Pereskia_bleo_69,UNIVERSITY OF OKLAHOMA,SRA626644,FALSE,FALSE
63,63,SRR5605358,5/22/18 00:07,5/25/17 13:06,427353,81197070,427353,190,53,https://sra-downloadb.be-md.ncbi.nlm.nih.gov/sos2/sra-pub-run-7/SRR5605358/SRR5605358.1,SRX2857975,Pereskia_grandifolia_59,OTHER,Hybrid Selection,GENOMIC,PAIRED,0,0,ILLUMINA,Illumina HiSeq 2000,SRP108044,PRJNA387599,387599,SRS2228705,SAMN07159109,307724,Pereskia grandifolia,Pereskia_grandifolia_59,"UNIVERSITY OF OKLAHOMA, MPBIO DEPT.",SRA566526,FALSE,FALSE
64,64,SRR5605361,5/22/18 00:07,5/25/17 13:07,1371260,260539400,1371260,190,168,https://sra-downloadb.be-md.ncbi.nlm.nih.gov/sos2/sra-pub-run-7/SRR5605361/SRR5605361.1,SRX2857972,Pereskia_guamacho_35,OTHER,Hybrid Selection,GENOMIC,PAIRED,0,0,ILLUMINA,Illumina HiSeq 2000,SRP108044,PRJNA387599,387599,SRS2228702,SAMN07159110,154401,Leuenbergeria guamacho,Pereskia_guamacho_35,"UNIVERSITY OF OKLAHOMA, MPBIO DEPT.",SRA566526,FALSE,FALSE
65,65,SRR5605378,5/22/18 00:07,5/25/17 13:09,2734230,486676474,2734230,177,292,https://sra-downloadb.be-md.ncbi.nlm.nih.gov/sos2/sra-pub-run-7/SRR5605378/SRR5605378.1,SRX2857955,Pereskia_horrida_64,OTHER,Hybrid Selection,GENOMIC,PAIRED,0,0,ILLUMINA,Illumina HiSeq 2500,SRP108044,PRJNA387599,387599,SRS2228685,SAMN07159111,307712,Pereskia horrida,Pereskia_horrida_64,"UNIVERSITY OF OKLAHOMA, MPBIO DEPT.",SRA566526,FALSE,FALSE
66,66,SRR5605381,5/22/18 00:07,5/25/17 13:08,904390,159182298,904390,176,93,https://sra-downloadb.be-md.ncbi.nlm.nih.gov/sos2/sra-pub-run-7/SRR5605381/SRR5605381.1,SRX2857952,Pereskia_lychnidiflora_78,OTHER,Hybrid Selection,GENOMIC,PAIRED,0,0,ILLUMINA,Illumina HiSeq 2500,SRP108044,PRJNA387599,387599,SRS2228682,SAMN07159112,307717,Leuenbergeria lychnidiflora,Pereskia_lychnidiflora_78,"UNIVERSITY OF OKLAHOMA, MPBIO DEPT.",SRA566526,FALSE,FALSE
67,67,SRR5605380,5/22/18 00:07,5/25/17 13:10,5823212,1106410280,5823212,190,722,https://sra-downloadb.be-md.ncbi.nlm.nih.gov/sos2/sra-pub-run-7/SRR5605380/SRR5605380.1,SRX2857953,Pereskia_quisqueyana_55,OTHER,Hybrid Selection,GENOMIC,PAIRED,0,0,ILLUMINA,Illumina HiSeq 2000,SRP108044,PRJNA387599,387599,SRS2228683,SAMN07159113,307720,Leuenbergeria quisqueyana,Pereskia_quisqueyana_55,"UNIVERSITY OF OKLAHOMA, MPBIO DEPT.",SRA566526,FALSE,FALSE
68,68,SRR5605344,5/22/18 00:07,5/25/17 13:07,1473529,403064557,1473529,273,210,https://sra-downloadb.be-md.ncbi.nlm.nih.gov/sos2/sra-pub-run-7/SRR5605344/SRR5605344.1,SRX2857989,Pereskia_sacharosa_67,OTHER,Hybrid Selection,GENOMIC,PAIRED,0,0,ILLUMINA,Illumina MiSeq,SRP108044,PRJNA387599,387599,SRS2228719,SAMN07159114,307723,Pereskia sacharosa,Pereskia_sacharosa_67,"UNIVERSITY OF OKLAHOMA, MPBIO DEPT.",SRA566526,FALSE,FALSE
69,69,SRR5605345,5/22/18 00:07,5/25/17 13:05,619539,117712410,619539,190,76,https://sra-downloadb.be-md.ncbi.nlm.nih.gov/sos2/sra-pub-run-7/SRR5605345/SRR5605345.1,SRX2857988,Pereskiopsis_porteri_51,OTHER,Hybrid Selection,GENOMIC,PAIRED,0,0,ILLUMINA,Illumina HiSeq 2000,SRP108044,PRJNA387599,387599,SRS2228718,SAMN07159115,146107,Pereskiopsis porteri,Pereskiopsis_porteri_51,"UNIVERSITY OF OKLAHOMA, MPBIO DEPT.",SRA566526,FALSE,FALSE
70,70,SRR7905860,12/29/18 00:16,9/26/18 23:35,30918512,7791465024,30918512,252,3682,https://sra-downloadb.be-md.ncbi.nlm.nih.gov/sos1/sra-pub-run-2/SRR7905860/SRR7905860.1,SRX4741997,Run_1724_Sample_72925,RNA-Seq,RANDOM,TRANSCRIPTOMIC,PAIRED,0,0,ILLUMINA,Illumina HiSeq 2500,SRP162684,PRJNA493215,493215,SRS3823309,SAMN10132141,1112764,Pterocactus tuberosus,Pttu21,UNIVERSITY OF MICHIGAN,SRA784280,FALSE,TRUE
71,71,SRR7905863,12/29/18 00:16,9/26/18 21:10,42977047,10830215844,42977047,252,5581,https://sra-downloadb.be-md.ncbi.nlm.nih.gov/sos1/sra-pub-run-2/SRR7905863/SRR7905863.1,SRX4741994,Run_1691_Sample_72688,RNA-Seq,RANDOM,TRANSCRIPTOMIC,PAIRED,0,0,ILLUMINA,Illumina HiSeq 2500,SRP162684,PRJNA493215,493215,SRS3823307,SAMN10132142,1112780,Tephrocactus bonnieae,Pubo1013,UNIVERSITY OF MICHIGAN,SRA784280,FALSE,FALSE
72,72,SRR6238170,11/22/18 00:23,10/31/17 11:29,2083773,366431366,2079978,175,218,https://sra-downloadb.be-md.ncbi.nlm.nih.gov/sos2/sra-pub-run-11/SRR6238170/SRR6238170.1,SRX3346404,Quiabentia_zehntneri_207,OTHER,Hybrid Selection,GENOMIC,PAIRED,0,0,ILLUMINA,Illumina HiSeq 2000,SRP123153,PRJNA415977,415977,SRS2646645,SAMN07839349,308224,Quiabentia zehntneri,Quiabentia_zehntneri_207,UNIVERSITY OF OKLAHOMA,SRA626644,FALSE,FALSE
73,73,SRR5605376,5/22/18 00:07,5/25/17 13:09,2143480,381513621,2143480,177,224,https://sra-downloadb.be-md.ncbi.nlm.nih.gov/sos2/sra-pub-run-7/SRR5605376/SRR5605376.1,SRX2857957,Quiabentia_zehntneri_85,OTHER,Hybrid Selection,GENOMIC,PAIRED,0,0,ILLUMINA,Illumina HiSeq 2000,SRP108044,PRJNA387599,387599,SRS2228687,SAMN07159125,308224,Quiabentia zehntneri,Quiabentia_zehntneri_85,"UNIVERSITY OF OKLAHOMA, MPBIO DEPT.",SRA566526,FALSE,FALSE
74,74,SRR7945269,10/22/19 00:38,10/1/18 07:42,9579839,8467862239,0,883,2077,https://sra-download.ncbi.nlm.nih.gov/traces/sra71/SRR/007759/SRR7945269,SRX4779435,R_FRUIT,RNA-Seq,size fractionation,TRANSCRIPTOMIC,SINGLE,0,0,PACBIO_SMRT,Sequel,SRP162983,PRJNA494058,494058,SRS3860093,SAMN10147967,1195597,Hylocereus polyrhizus,R,GUIZHOU UNIVERSITY,SRA787378,FALSE,FALSE
75,75,SRR7997108,11/8/19 17:16,10/10/18 17:44,39423304,11826991200,39423304,300,4244,https://sra-download.ncbi.nlm.nih.gov/traces/sra72/SRR/007809/SRR7997108,SRX4827971,R1_Fruit,RNA-Seq,RANDOM,TRANSCRIPTOMIC,PAIRED,0,0,ILLUMINA,Illumina HiSeq 4000,SRP164946,PRJNA495654,495654,SRS3899500,SAMN10229244,154422,Hylocereus,R1,GUIZHOU UNIVERSITY,SRA792419,FALSE,TRUE
76,76,SRR7997109,11/8/19 17:16,10/10/18 17:47,38975905,11692771500,38975905,300,4151,https://sra-download.ncbi.nlm.nih.gov/traces/sra72/SRR/007809/SRR7997109,SRX4827970,R2_Fruit,RNA-Seq,RANDOM,TRANSCRIPTOMIC,PAIRED,0,0,ILLUMINA,Illumina HiSeq 4000,SRP164946,PRJNA495654,495654,SRS3899501,SAMN10229245,154422,Hylocereus,R2,GUIZHOU UNIVERSITY,SRA792419,FALSE,TRUE
77,77,SRR7997110,11/8/19 17:16,10/10/18 17:40,33798416,10139524800,33798416,300,3575,https://sra-download.ncbi.nlm.nih.gov/traces/sra72/SRR/007809/SRR7997110,SRX4827969,R3_Fruit,RNA-Seq,RANDOM,TRANSCRIPTOMIC,PAIRED,0,0,ILLUMINA,Illumina HiSeq 4000,SRP164946,PRJNA495654,495654,SRS3899499,SAMN10229246,154422,Hylocereus,R3,GUIZHOU UNIVERSITY,SRA792419,FALSE,TRUE
78,78,SRR7997111,11/8/19 17:16,10/10/18 17:48,41482627,11912102238,38135438,287,4168,https://sra-download.ncbi.nlm.nih.gov/traces/sra72/SRR/007809/SRR7997111,SRX4827968,R4_Fruit,RNA-Seq,RANDOM,TRANSCRIPTOMIC,PAIRED,0,0,ILLUMINA,Illumina HiSeq 4000,SRP164946,PRJNA495654,495654,SRS3899498,SAMN10229247,154422,Hylocereus,R4,GUIZHOU UNIVERSITY,SRA792419,FALSE,TRUE
79,79,SRR7121780,5/18/18 00:09,5/12/18 00:54,689168936,68916893600,0,100,40950,https://sra-downloadb.be-md.ncbi.nlm.nih.gov/sos2/sra-pub-run-13/SRR7121780/SRR7121780.1,SRX4043329,CL100027324_L01_21,WGS,unspecified,GENOMIC,PAIRED,0,0,BGISEQ,BGISEQ-500,SRP144639,PRJNA438407,438407,SRS3260771,SAMN08770693,3593,Cactaceae,RL0498,BGI,SRA699931,FALSE,FALSE
80,80,SRR7121955,5/18/18 00:09,5/12/18 11:05,685556454,68555645400,0,100,40845,https://sra-downloadb.be-md.ncbi.nlm.nih.gov/sos2/sra-pub-run-13/SRR7121955/SRR7121955.1,SRX4043504,CL100031569_L01_21,WGS,unspecified,GENOMIC,PAIRED,0,0,BGISEQ,BGISEQ-500,SRP144639,PRJNA438407,438407,SRS3260946,SAMN08770868,3593,Cactaceae,RL0726,BGI,SRA699931,FALSE,FALSE
81,81,SRR5605375,5/22/18 00:07,5/25/17 13:09,4636771,880986490,4636771,190,575,https://sra-downloadb.be-md.ncbi.nlm.nih.gov/sos2/sra-pub-run-7/SRR5605375/SRR5605375.1,SRX2857958,Rhipsalis_capilliformis_54,OTHER,Hybrid Selection,GENOMIC,PAIRED,0,0,ILLUMINA,Illumina HiSeq 2000,SRP108044,PRJNA387599,387599,SRS2228688,SAMN07159126,2004986,Rhipsalis capilliformis,Rhipsalis_capilliformis_54,"UNIVERSITY OF OKLAHOMA, MPBIO DEPT.",SRA566526,FALSE,FALSE
82,82,ERR2040226,7/24/17 07:42,8/21/17 09:47,17887328,3219719040,17887328,180,1804,https://sra-downloadb.be-md.ncbi.nlm.nih.gov/sos1/sra-pub-run-2/ERR2040226/ERR2040226.1,ERX2099283,unspecified,RNA-Seq,cDNA,TRANSCRIPTOMIC,PAIRED,200,0,ILLUMINA,Illumina HiSeq 2000,ERP023948,PRJEB21674,393814,ERS1829288,SAMEA104170270,3597,Pereskia aculeata,SAMEA104170270,DEPARTMENT OF BIOLOGICAL SCIENCES,ERA979340,FALSE,TRUE
83,83,ERR2040227,7/24/17 07:42,8/21/17 09:47,9249795,1664963100,9249795,180,969,https://sra-downloadb.be-md.ncbi.nlm.nih.gov/sos1/sra-pub-run-2/ERR2040227/ERR2040227.1,ERX2099284,unspecified,RNA-Seq,cDNA,TRANSCRIPTOMIC,PAIRED,200,0,ILLUMINA,Illumina HiSeq 2000,ERP023948,PRJEB21674,393814,ERS1829289,SAMEA104170271,130138,Lophophora williamsii,SAMEA104170271,DEPARTMENT OF BIOLOGICAL SCIENCES,ERA979340,FALSE,TRUE
84,84,ERR2040228,7/24/17 07:42,8/21/17 09:48,9817600,1767168000,9817600,180,1177,https://sra-downloadb.be-md.ncbi.nlm.nih.gov/sos1/sra-pub-run-2/ERR2040228/ERR2040228.1,ERX2099285,unspecified,RNA-Seq,cDNA,TRANSCRIPTOMIC,PAIRED,200,0,ILLUMINA,Illumina HiSeq 2000,ERP023948,PRJEB21674,393814,ERS1829290,SAMEA104170272,307728,Opuntia polyacantha,SAMEA104170272,DEPARTMENT OF BIOLOGICAL SCIENCES,ERA979340,FALSE,FALSE
85,85,SRR7905862,12/29/18 00:16,9/26/18 15:24,31928755,8046046260,31928755,252,3714,https://sra-downloadb.be-md.ncbi.nlm.nih.gov/sos1/sra-pub-run-2/SRR7905862/SRR7905862.1,SRX4741995,Run_1724_Sample_72928,RNA-Seq,RANDOM,TRANSCRIPTOMIC,PAIRED,0,0,ILLUMINA,Illumina HiSeq 2500,SRP162684,PRJNA493215,493215,SRS3823313,SAMN10132143,1041263,Salmiopuntia salmiana,Sasa26,UNIVERSITY OF MICHIGAN,SRA784280,FALSE,TRUE
86,86,SRR7905865,12/29/18 00:16,9/26/18 23:33,32203694,8115330888,32203694,252,4088,https://sra-downloadb.be-md.ncbi.nlm.nih.gov/sos1/sra-pub-run-2/SRR7905865/SRR7905865.1,SRX4741992,Run_1724_Sample_72920,RNA-Seq,RANDOM,TRANSCRIPTOMIC,PAIRED,0,0,ILLUMINA,Illumina HiSeq 2500,SRP162684,PRJNA493215,493215,SRS3823304,SAMN10132144,153897,Stetsonia coryne,Stco14,UNIVERSITY OF MICHIGAN,SRA784280,FALSE,TRUE
87,87,SRR5137213,10/24/17 00:00,1/2/17 10:44,121563420,36712152840,121563420,302,15006,https://sra-downloadb.be-md.ncbi.nlm.nih.gov/sos2/sra-pub-run-9/SRR5137213/SRR5137213.1,SRX2455204,Sthu-PE1,WGS,RANDOM,GENOMIC,PAIRED,0,0,ILLUMINA,NextSeq 500,SRP093540,PRJNA318822,318822,SRS1888478,SAMN06196471,171973,Stenocereus thurberi,Stenocereus thurberi,THE UNIVERSITY OF ARIZONA,SRA515895,FALSE,FALSE
88,88,SRR9494897,1/1/20 00:54,7/29/19 14:30,189,200388,0,1060,7,https://sra-download.ncbi.nlm.nih.gov/traces/sra75/SRR/009272/SRR9494897,SRX6260743,,CLONEEND,unspecified,GENOMIC,SINGLE,0,0,CAPILLARY,AB 310 Genetic Analyzer,SRP211366,,0,SRS5013990,SAMN12121539,338184,Nopalea cochenillifera,TIGR OPUNTIA COCHENILLIFERA,TIGR,SRA912248,FALSE,FALSE
89,89,SRR7905864,12/29/18 00:16,9/26/18 15:26,32793460,8263951920,32793460,252,4029,https://sra-downloadb.be-md.ncbi.nlm.nih.gov/sos1/sra-pub-run-2/SRR7905864/SRR7905864.1,SRX4741993,Run_1724_Sample_72913,RNA-Seq,RANDOM,TRANSCRIPTOMIC,PAIRED,0,0,ILLUMINA,Illumina HiSeq 2500,SRP162684,PRJNA493215,493215,SRS3823305,SAMN10132145,1041243,Opuntia lilae,Tali11,UNIVERSITY OF MICHIGAN,SRA784280,FALSE,TRUE
90,90,SRR7905867,12/29/18 00:16,9/26/18 23:30,29158908,7348044816,29158908,252,3620,https://sra-downloadb.be-md.ncbi.nlm.nih.gov/sos1/sra-pub-run-2/SRR7905867/SRR7905867.1,SRX4741990,Run_1724_Sample_72918,RNA-Seq,RANDOM,TRANSCRIPTOMIC,PAIRED,0,0,ILLUMINA,Illumina HiSeq 2500,SRP162684,PRJNA493215,493215,SRS3823306,SAMN10132146,308218,Tephrocactus articulatus,Tear12,UNIVERSITY OF MICHIGAN,SRA784280,FALSE,TRUE
91,91,SRR7905866,12/29/18 00:16,9/26/18 21:07,33611232,8470030464,33611232,252,4128,https://sra-downloadb.be-md.ncbi.nlm.nih.gov/sos1/sra-pub-run-2/SRR7905866/SRR7905866.1,SRX4741991,Run_1724_Sample_72915,RNA-Seq,RANDOM,TRANSCRIPTOMIC,PAIRED,0,0,ILLUMINA,Illumina HiSeq 2500,SRP162684,PRJNA493215,493215,SRS3823303,SAMN10132147,1001133,Tunilla corrugata,Tuco07,UNIVERSITY OF MICHIGAN,SRA784280,FALSE,TRUE
92,92,SRR7945270,10/22/19 00:38,10/1/18 07:41,7245659,7737784436,0,1067,1894,https://sra-download.ncbi.nlm.nih.gov/traces/sra71/SRR/007759/SRR7945270,SRX4779434,W_FRUIT,RNA-Seq,size fractionation,TRANSCRIPTOMIC,SINGLE,0,0,PACBIO_SMRT,Sequel,SRP162983,PRJNA494058,494058,SRS3860094,SAMN10147968,176265,Hylocereus undatus,W,GUIZHOU UNIVERSITY,SRA787378,FALSE,FALSE
93,93,SRR7997104,11/8/19 17:16,10/10/18 17:41,31656505,9496951500,31656505,300,3377,https://sra-download.ncbi.nlm.nih.gov/traces/sra72/SRR/007809/SRR7997104,SRX4827975,W1_Fruit,RNA-Seq,RANDOM,TRANSCRIPTOMIC,PAIRED,0,0,ILLUMINA,Illumina HiSeq 4000,SRP164946,PRJNA495654,495654,SRS3899513,SAMN10229248,154422,Hylocereus,W1,GUIZHOU UNIVERSITY,SRA792419,FALSE,TRUE
94,94,SRR7997105,11/8/19 17:16,10/10/18 17:35,31557465,9467239500,31557465,300,3373,https://sra-download.ncbi.nlm.nih.gov/traces/sra72/SRR/007809/SRR7997105,SRX4827974,W2_Fruit,RNA-Seq,RANDOM,TRANSCRIPTOMIC,PAIRED,0,0,ILLUMINA,Illumina HiSeq 4000,SRP164946,PRJNA495654,495654,SRS3899504,SAMN10229249,154422,Hylocereus,W2,GUIZHOU UNIVERSITY,SRA792419,FALSE,TRUE
95,95,SRR7997106,11/8/19 17:16,10/10/18 17:36,33498401,10049520300,33498401,300,3578,https://sra-download.ncbi.nlm.nih.gov/traces/sra72/SRR/007809/SRR7997106,SRX4827973,W3_Fruit,RNA-Seq,RANDOM,TRANSCRIPTOMIC,PAIRED,0,0,ILLUMINA,Illumina HiSeq 4000,SRP164946,PRJNA495654,495654,SRS3899503,SAMN10229250,154422,Hylocereus,W3,GUIZHOU UNIVERSITY,SRA792419,FALSE,TRUE
96,96,SRR7997107,11/8/19 17:16,10/10/18 17:39,30224015,9067204500,30224015,300,3212,https://sra-download.ncbi.nlm.nih.gov/traces/sra72/SRR/007809/SRR7997107,SRX4827972,W4_Fruit,RNA-Seq,RANDOM,TRANSCRIPTOMIC,PAIRED,0,0,ILLUMINA,Illumina HiSeq 4000,SRP164946,PRJNA495654,495654,SRS3899502,SAMN10229251,154422,Hylocereus,W4,GUIZHOU UNIVERSITY,SRA792419,FALSE,TRUE
97,97,SRR8767414,3/21/19 22:11,3/21/19 22:03,27290536,982459296,0,36,713,https://sra-downloadb.be-md.ncbi.nlm.nih.gov/sos1/sra-pub-run-2/SRR8767414/SRR8767414.1,SRX5557625,sRNA_c,miRNA-Seq,size fractionation,TRANSCRIPTOMIC,SINGLE,0,0,ILLUMINA,Illumina HiSeq 2500,SRP189115,PRJNA528520,528520,SRS4521445,SAMN11230754,1195597,Hylocereus polyrhizus,sample_c,GUIZHOU UNIVERSITY,SRA864082,FALSE,FALSE
98,98,SRR8767415,3/21/19 22:11,3/21/19 22:04,29839608,1074225888,0,36,781,https://sra-download.ncbi.nlm.nih.gov/traces/sra2/SRR/008561/SRR8767415,SRX5557624,sRNA_D,miRNA-Seq,size fractionation,TRANSCRIPTOMIC,SINGLE,0,0,ILLUMINA,Illumina HiSeq 2500,SRP189115,PRJNA528520,528520,SRS4521444,SAMN11230755,1195597,Hylocereus polyrhizus,sample_d,GUIZHOU UNIVERSITY,SRA864082,FALSE,FALSE
99,99,SRR8767412,3/21/19 22:39,3/21/19 22:35,67978402,17121340930,67978402,251,7763,https://sra-downloadb.be-md.ncbi.nlm.nih.gov/sos1/sra-pub-run-2/SRR8767412/SRR8767412.1,SRX5557627,RNA_p,RNA-Seq,RANDOM,TRANSCRIPTOMIC,PAIRED,0,0,ILLUMINA,Illumina HiSeq 2500,SRP189115,PRJNA528520,528520,SRS4521446,SAMN11230756,1195597,Hylocereus polyrhizus,sample_p,GUIZHOU UNIVERSITY,SRA864082,FALSE,TRUE
100,100,SRR8767413,3/21/19 22:11,3/21/19 22:01,11544400,542586800,0,47,226,https://sra-download.ncbi.nlm.nih.gov/traces/sra0/SRR/008561/SRR8767413,SRX5557626,PARE_p,RNA-Seq,size fractionation,TRANSCRIPTOMIC,SINGLE,0,0,ILLUMINA,Illumina HiSeq 2500,SRP189115,PRJNA528520,528520,SRS4521446,SAMN11230756,1195597,Hylocereus polyrhizus,sample_p,GUIZHOU UNIVERSITY,SRA864082,FALSE,TRUE
101,101,SRR3203780,3/4/16 17:10,3/4/16 20:40,33561511,6745863711,33561511,201,4271,https://sra-downloadb.be-md.ncbi.nlm.nih.gov/sos1/sra-pub-run-1/SRR3203780/SRR3203780.1,SRX1613151,hiseq2500,RNA-Seq,RANDOM,TRANSCRIPTOMIC,PAIRED,100,0,ILLUMINA,Illumina HiSeq 2500,SRP066396,PRJNA302690,302690,SRS1323024,SAMN04277417,1195597,Hylocereus polyrhizus,131431A_red,SOUTH CHINA AGRICULTURAL UNIVERSITY,SRA312274,FALSE,TRUE
102,102,SRR2924904,3/4/16 17:10,3/4/16 21:02,31885371,6408959571,31885371,201,4099,https://sra-downloadb.be-md.ncbi.nlm.nih.gov/sos1/sra-pub-run-1/SRR2924904/SRR2924904.2,SRX1438202,hiseq2500,RNA-Seq,RANDOM,TRANSCRIPTOMIC,PAIRED,100,0,ILLUMINA,Illumina HiSeq 2500,SRP066396,PRJNA302690,302690,SRS1323025,SAMN04277416,1195597,Hylocereus polyrhizus,131431A_white,SOUTH CHINA AGRICULTURAL UNIVERSITY,SRA312274,FALSE,TRUE
103,103,SRR1698118,12/11/14 00:00,12/10/14 03:45,4355507,871101400,4355507,200,581,https://sra-downloadb.be-md.ncbi.nlm.nih.gov/sos1/sra-pub-run-2/SRR1698118/SRR1698118.1,SRX800797,,RNA-Seq,DNase,TRANSCRIPTOMIC,PAIRED,450,50,ILLUMINA,Illumina HiSeq 2000,SRP050968,PRJNA269655,269655,SRS783089,SAMN03256178,338184,Nopalea cochenillifera,4A_am,UNIVERSITY OF SHEFFIELD,SRA211427,FALSE,FALSE
104,104,SRR1698124,12/11/14 00:00,12/10/14 03:45,7299689,1459937800,7299689,200,968,https://sra-downloadb.be-md.ncbi.nlm.nih.gov/sos1/sra-pub-run-2/SRR1698124/SRR1698124.1,SRX800798,,RNA-Seq,DNase,TRANSCRIPTOMIC,PAIRED,450,50,ILLUMINA,Illumina HiSeq 2000,SRP050968,PRJNA269655,269655,SRS783089,SAMN03256178,338184,Nopalea cochenillifera,4A_am,UNIVERSITY OF SHEFFIELD,SRA211427,FALSE,FALSE
105,105,SRR1698229,12/11/14 00:00,12/10/14 04:45,7162078,1432415600,7162078,200,879,https://sra-downloadb.be-md.ncbi.nlm.nih.gov/sos1/sra-pub-run-2/SRR1698229/SRR1698229.1,SRX800815,,RNA-Seq,DNase,TRANSCRIPTOMIC,PAIRED,0,0,ILLUMINA,Illumina HiSeq 2000,SRP050968,PRJNA269655,269655,SRS783106,SAMN03256196,338184,Nopalea cochenillifera,4B_am,UNIVERSITY OF SHEFFIELD,SRA211427,FALSE,FALSE
106,106,SRR1698231,12/11/14 00:00,12/10/14 05:45,8778418,1755683600,8778418,200,1077,https://sra-downloadb.be-md.ncbi.nlm.nih.gov/sos1/sra-pub-run-2/SRR1698231/SRR1698231.1,SRX800816,,RNA-Seq,DNase,TRANSCRIPTOMIC,PAIRED,0,0,ILLUMINA,Illumina HiSeq 2000,SRP050968,PRJNA269655,269655,SRS783107,SAMN03256197,338184,Nopalea cochenillifera,4B_pm,UNIVERSITY OF SHEFFIELD,SRA211427,FALSE,FALSE
107,107,SRR5134694,10/24/17 00:00,12/29/16 14:19,71597927,14319585400,71597927,200,9312,https://sra-downloadb.be-md.ncbi.nlm.nih.gov/sos2/sra-pub-run-9/SRR5134694/SRR5134694.1,SRX2450053,AE,RNA-Seq,RANDOM,TRANSCRIPTOMIC,PAIRED,0,0,ILLUMINA,Illumina HiSeq 2500,SRP093540,PRJNA318822,318822,SRS1883434,SAMN06189574,171969,Carnegiea gigantea,Areoles,THE UNIVERSITY OF ARIZONA,SRA513033,FALSE,FALSE
108,108,SRR3567680,5/19/17 00:00,5/23/16 11:45,60172124,15114286473,60172124,251,6035,https://sra-downloadb.be-md.ncbi.nlm.nih.gov/sos2/sra-pub-run-7/SRR3567680/SRR3567680.1,SRX1791047,,RNA-Seq,RANDOM,TRANSCRIPTOMIC,PAIRED,0,0,ILLUMINA,Illumina HiSeq 2500,SRP075515,PRJNA322123,322123,SRS1461336,SAMN05017653,371859,Opuntia ficus-indica,Cactus RNAseq,ARO,SRA426952,FALSE,FALSE
109,109,SRR3567681,5/19/17 00:00,5/23/16 02:37,63748940,16010226353,63748940,251,6404,https://sra-downloadb.be-md.ncbi.nlm.nih.gov/sos2/sra-pub-run-7/SRR3567681/SRR3567681.1,SRX1791048,,RNA-Seq,RANDOM,TRANSCRIPTOMIC,PAIRED,0,0,ILLUMINA,Illumina HiSeq 2000,SRP075515,PRJNA322123,322123,SRS1461336,SAMN05017653,371859,Opuntia ficus-indica,Cactus RNAseq,ARO,SRA426952,FALSE,FALSE
110,110,SRR3567682,5/19/17 00:00,5/29/16 07:43,70744510,17766664969,70744510,251,7220,https://sra-downloadb.be-md.ncbi.nlm.nih.gov/sos2/sra-pub-run-7/SRR3567682/SRR3567682.1,SRX1791049,,RNA-Seq,RANDOM,TRANSCRIPTOMIC,PAIRED,0,0,ILLUMINA,Illumina HiSeq 2500,SRP075515,PRJNA322123,322123,SRS1461336,SAMN05017653,371859,Opuntia ficus-indica,Cactus RNAseq,ARO,SRA426952,FALSE,FALSE
111,111,SRR5134692,10/24/17 00:00,12/29/16 14:02,40379898,8075979600,40379898,200,5225,https://sra-downloadb.be-md.ncbi.nlm.nih.gov/sos2/sra-pub-run-9/SRR5134692/SRR5134692.1,SRX2450051,CH,RNA-Seq,RANDOM,TRANSCRIPTOMIC,PAIRED,0,0,ILLUMINA,Illumina HiSeq 2500,SRP093540,PRJNA318822,318822,SRS1883432,SAMN06189576,171969,Carnegiea gigantea,Chlorenchyma,THE UNIVERSITY OF ARIZONA,SRA513033,FALSE,FALSE
112,112,SRR1698109,12/11/14 00:00,12/10/14 02:44,12746205,2549241000,12746205,200,1583,https://sra-downloadb.be-md.ncbi.nlm.nih.gov/sos1/sra-pub-run-2/SRR1698109/SRR1698109.1,SRX800781,Illumina TruSeq RNA Sample Prep Kit,RNA-Seq,DNase,TRANSCRIPTOMIC,PAIRED,450,50,ILLUMINA,Illumina HiSeq 2000,SRP050968,PRJNA269655,269655,SRS783074,SAMN03256170,336120,Echinocereus pectinatus,Ech_pec,UNIVERSITY OF SHEFFIELD,SRA211427,FALSE,FALSE
113,113,SRR1145771,9/30/14 00:00,5/7/14 14:54,5000000,989939275,5000000,197,599,https://sra-downloadb.be-md.ncbi.nlm.nih.gov/sos1/sra-pub-run-1/SRR1145771/SRR1145771.1,SRX450998,,WGS,RANDOM,GENOMIC,PAIRED,0,0,ILLUMINA,Illumina HiSeq 2000,SRP035917,PRJNA209850,209850,SRS544337,SAMN02314019,153853,Echinocereus,Echinocereus,UNIVERSITY OF GEORGIA,SRA128529,FALSE,FALSE
114,114,SRR3560773,3/16/17 16:42,5/20/16 17:20,23254174,1765463685,0,75,671,https://sra-downloadb.be-md.ncbi.nlm.nih.gov/sos2/sra-pub-run-7/SRR3560773/SRR3560773.1,SRX1787425,,Bisulfite-Seq,RANDOM,GENOMIC,SINGLE,0,0,ILLUMINA,NextSeq 500,SRP075487,PRJNA322330,322330,SRS1458299,SAMN05157155,46148,Pereskia grandiflora,GSM2171604,GEO,SRA427402,FALSE,FALSE
115,115,SRR3560774,3/16/17 16:42,5/20/16 17:19,22332723,1695517115,0,75,639,https://sra-downloadb.be-md.ncbi.nlm.nih.gov/sos2/sra-pub-run-7/SRR3560774/SRR3560774.1,SRX1787426,,Bisulfite-Seq,RANDOM,GENOMIC,SINGLE,0,0,ILLUMINA,NextSeq 500,SRP075487,PRJNA322330,322330,SRS1458300,SAMN05157156,46148,Pereskia grandiflora,GSM2171605,GEO,SRA427402,FALSE,FALSE
116,116,SRR3560775,3/16/17 16:42,5/20/16 17:19,23577449,1789998369,0,75,678,https://sra-downloadb.be-md.ncbi.nlm.nih.gov/sos2/sra-pub-run-7/SRR3560775/SRR3560775.1,SRX1787427,,Bisulfite-Seq,RANDOM,GENOMIC,SINGLE,0,0,ILLUMINA,NextSeq 500,SRP075487,PRJNA322330,322330,SRS1458301,SAMN05157157,46148,Pereskia grandiflora,GSM2171606,GEO,SRA427402,FALSE,FALSE
117,117,SRR3560776,3/16/17 16:42,5/20/16 17:20,23412845,1777511408,0,75,670,https://sra-downloadb.be-md.ncbi.nlm.nih.gov/sos2/sra-pub-run-7/SRR3560776/SRR3560776.1,SRX1787428,,Bisulfite-Seq,RANDOM,GENOMIC,SINGLE,0,0,ILLUMINA,NextSeq 500,SRP075487,PRJNA322330,322330,SRS1458302,SAMN05157158,46148,Pereskia grandiflora,GSM2171607,GEO,SRA427402,FALSE,FALSE
118,118,SRR3560777,3/16/17 16:42,5/20/16 17:11,1171832,89059232,0,76,31,https://sra-downloadb.be-md.ncbi.nlm.nih.gov/sos2/sra-pub-run-7/SRR3560777/SRR3560777.1,SRX1787429,,Bisulfite-Seq,RANDOM,GENOMIC,SINGLE,0,0,ILLUMINA,NextSeq 500,SRP075487,PRJNA322330,322330,SRS1458303,SAMN05157159,46148,Pereskia grandiflora,GSM2171608,GEO,SRA427402,FALSE,FALSE
119,119,SRR3234545,3/18/17 20:20,3/18/16 18:40,189219983,6811919388,0,36,4936,https://sra-downloadb.be-md.ncbi.nlm.nih.gov/sos1/sra-pub-run-1/SRR3234545/SRR3234545.1,SRX1640167,Key Laboratory of Plant Resource Conservation and Germplasm Innovation in Mountainous Region (Ministry of Education),miRNA-Seq,unspecified,TRANSCRIPTOMIC,SINGLE,0,0,ILLUMINA,Illumina HiSeq 2500,SRP071956,PRJNA315592,315592,SRS1346822,SAMN04566109,176265,Hylocereus undatus,Hylocereus undatus 'zihonglong',GUIZHOU UNIVERSITY,SRA386164,FALSE,FALSE
120,120,SRR3234546,3/18/17 00:00,3/20/16 20:43,67978402,17121340930,67978402,251,7763,https://sra-downloadb.be-md.ncbi.nlm.nih.gov/sos2/sra-pub-run-7/SRR3234546/SRR3234546.1,SRX1640168,Key Laboratory of Plant Resource Conservation and Germplasm Innovation in Mountainous Region (Ministry of Education),RNA-Seq,PolyA,TRANSCRIPTOMIC,PAIRED,0,0,ILLUMINA,Illumina HiSeq 2500,SRP071957,PRJNA315597,315597,SRS1346822,SAMN04566109,176265,Hylocereus undatus,Hylocereus undatus 'zihonglong',GUIZHOU UNIVERSITY,SRA386165,FALSE,TRUE
121,121,SRR3245857,3/19/17 00:00,3/19/16 11:30,11544400,542586800,0,47,251,https://sra-downloadb.be-md.ncbi.nlm.nih.gov/sos1/sra-pub-run-1/SRR3245857/SRR3245857.1,SRX1644874,,RNA-Seq,PolyA,TRANSCRIPTOMIC,SINGLE,0,0,ILLUMINA,Illumina HiSeq 2500,SRP072047,PRJNA315718,315718,SRS1346822,SAMN04566109,176265,Hylocereus undatus,Hylocereus undatus 'zihonglong',GUIZHOU UNIVERSITY,SRA388002,FALSE,TRUE
122,122,SRR1575212,7/5/15 18:34,9/15/14 22:06,377522,94930415,0,251,221,https://sra-downloadb.be-md.ncbi.nlm.nih.gov/sos1/sra-pub-run-5/SRR1575212/SRR1575212.1,SRX700994,,EST,PolyA,TRANSCRIPTOMIC,SINGLE,0,0,LS454,454 GS FLX,SRP057967,PRJNA261064,261064,SRS701107,SAMN03068713,130138,Lophophora williamsii,Lophophora williamsii Transcriptome,LANGEBIO-CINVESTAV,SRA184474,FALSE,FALSE
123,123,SRR1575216,7/6/15 00:00,9/15/14 22:06,114880,57731121,0,502,130,https://sra-downloadb.be-md.ncbi.nlm.nih.gov/sos1/sra-pub-run-5/SRR1575216/SRR1575216.1,SRX701021,,EST,PolyA,TRANSCRIPTOMIC,SINGLE,0,0,LS454,454 GS Junior,SRP057967,PRJNA261064,261064,SRS701107,SAMN03068713,130138,Lophophora williamsii,Lophophora williamsii Transcriptome,LANGEBIO-CINVESTAV,SRA184474,FALSE,FALSE
124,124,SRR1575317,7/6/15 00:00,9/16/14 04:24,6708059,984870433,0,146,2406,https://sra-downloadb.be-md.ncbi.nlm.nih.gov/sos1/sra-pub-run-5/SRR1575317/SRR1575317.1,SRX701022,,EST,PolyA,TRANSCRIPTOMIC,SINGLE,0,0,ION_TORRENT,Ion Torrent PGM,SRP057967,PRJNA261064,261064,SRS701107,SAMN03068713,130138,Lophophora williamsii,Lophophora williamsii Transcriptome,LANGEBIO-CINVESTAV,SRA184474,FALSE,FALSE
125,125,SRR1698108,12/11/14 00:00,12/10/14 02:49,14793500,2958700000,14793500,200,1852,https://sra-downloadb.be-md.ncbi.nlm.nih.gov/sos1/sra-pub-run-2/SRR1698108/SRR1698108.1,SRX800780,Illumina TruSeq RNA Sample Prep Kit,RNA-Seq,DNase,TRANSCRIPTOMIC,PAIRED,450,50,ILLUMINA,Illumina HiSeq 2000,SRP050968,PRJNA269655,269655,SRS783073,SAMN03256169,338184,Nopalea cochenillifera,Nop_coc,UNIVERSITY OF SHEFFIELD,SRA211427,FALSE,FALSE
126,126,SRR3478176,5/10/16 00:00,5/5/16 18:05,50525626,10105125200,50525626,200,4221,https://sra-downloadb.be-md.ncbi.nlm.nih.gov/sos2/sra-pub-run-7/SRR3478176/SRR3478176.1,SRX1744348,Optunia_streptacantha_4degC_Rep1,RNA-Seq,RANDOM,TRANSCRIPTOMIC,PAIRED,0,0,ILLUMINA,Illumina HiSeq 2500,SRP074371,PRJNA320545,320545,SRS1422088,SAMN04942738,393608,Opuntia streptacantha,OPS-Nopal-Cardon,NIH,SRA423546,FALSE,FALSE
127,127,SRR3478177,5/10/16 00:00,5/5/16 17:35,41904616,8380923200,41904616,200,3174,https://sra-downloadb.be-md.ncbi.nlm.nih.gov/sos1/sra-pub-run-1/SRR3478177/SRR3478177.1,SRX1744349,Optunia_streptacantha_4degC_Rep2,RNA-Seq,RANDOM,TRANSCRIPTOMIC,PAIRED,0,0,ILLUMINA,Illumina HiSeq 2500,SRP074371,PRJNA320545,320545,SRS1422088,SAMN04942738,393608,Opuntia streptacantha,OPS-Nopal-Cardon,NIH,SRA423546,FALSE,FALSE
128,128,SRR3478178,5/10/16 00:00,5/5/16 18:14,53704278,10740855600,53704278,200,4303,https://sra-downloadb.be-md.ncbi.nlm.nih.gov/sos1/sra-pub-run-1/SRR3478178/SRR3478178.1,SRX1744350,Optunia_streptacantha_25degC_Rep1,RNA-Seq,RANDOM,TRANSCRIPTOMIC,PAIRED,0,0,ILLUMINA,Illumina HiSeq 2500,SRP074371,PRJNA320545,320545,SRS1422088,SAMN04942738,393608,Opuntia streptacantha,OPS-Nopal-Cardon,NIH,SRA423546,FALSE,FALSE
129,129,SRR3478179,5/10/16 00:00,5/5/16 18:06,52620253,10524050600,52620253,200,4372,https://sra-downloadb.be-md.ncbi.nlm.nih.gov/sos2/sra-pub-run-7/SRR3478179/SRR3478179.1,SRX1744351,Optunia_streptacantha_25degC_Rep2,RNA-Seq,RANDOM,TRANSCRIPTOMIC,PAIRED,0,0,ILLUMINA,Illumina HiSeq 2500,SRP074371,PRJNA320545,320545,SRS1422088,SAMN04942738,393608,Opuntia streptacantha,OPS-Nopal-Cardon,NIH,SRA423546,FALSE,FALSE
130,130,SRR3478180,5/10/16 00:00,5/5/16 17:25,34662651,11092048320,34662651,320,3875,https://sra-downloadb.be-md.ncbi.nlm.nih.gov/sos2/sra-pub-run-7/SRR3478180/SRR3478180.1,SRX1744352,Opuntia_streptacantha_H2Odrought_Rep1,RNA-Seq,RANDOM,TRANSCRIPTOMIC,PAIRED,0,0,ILLUMINA,Illumina HiSeq 2500,SRP074371,PRJNA320545,320545,SRS1422088,SAMN04942738,393608,Opuntia streptacantha,OPS-Nopal-Cardon,NIH,SRA423546,FALSE,FALSE
131,131,SRR3478181,5/10/16 00:00,5/5/16 17:26,37239621,11916678720,37239621,320,4126,https://sra-downloadb.be-md.ncbi.nlm.nih.gov/sos1/sra-pub-run-1/SRR3478181/SRR3478181.1,SRX1744353,Opuntia_streptacantha_H2Odrought_Rep2,RNA-Seq,RANDOM,TRANSCRIPTOMIC,PAIRED,0,0,ILLUMINA,Illumina HiSeq 2500,SRP074371,PRJNA320545,320545,SRS1422088,SAMN04942738,393608,Opuntia streptacantha,OPS-Nopal-Cardon,NIH,SRA423546,FALSE,TRUE
132,132,SRR3478182,5/10/16 00:00,5/5/16 17:25,31890094,10204830080,31890094,320,3586,https://sra-downloadb.be-md.ncbi.nlm.nih.gov/sos2/sra-pub-run-7/SRR3478182/SRR3478182.1,SRX1744354,Opuntia_streptacantha_H2Odrought_Rep3,RNA-Seq,RANDOM,TRANSCRIPTOMIC,PAIRED,0,0,ILLUMINA,Illumina HiSeq 2500,SRP074371,PRJNA320545,320545,SRS1422088,SAMN04942738,393608,Opuntia streptacantha,OPS-Nopal-Cardon,NIH,SRA423546,FALSE,FALSE
133,133,SRR3478183,5/10/16 00:00,5/5/16 17:26,37200683,11904218560,37200683,320,4047,https://sra-downloadb.be-md.ncbi.nlm.nih.gov/sos1/sra-pub-run-1/SRR3478183/SRR3478183.1,SRX1744355,Opuntia_streptacantha_H2Ocontrol_Rep1,RNA-Seq,RANDOM,TRANSCRIPTOMIC,PAIRED,0,0,ILLUMINA,Illumina HiSeq 2500,SRP074371,PRJNA320545,320545,SRS1422088,SAMN04942738,393608,Opuntia streptacantha,OPS-Nopal-Cardon,NIH,SRA423546,FALSE,FALSE
134,134,SRR3478184,5/10/16 00:00,5/5/16 17:26,36272442,11607181440,36272442,320,4067,https://sra-downloadb.be-md.ncbi.nlm.nih.gov/sos2/sra-pub-run-7/SRR3478184/SRR3478184.1,SRX1744356,Opuntia_streptacantha_H2Ocontrol_Rep2,RNA-Seq,RANDOM,TRANSCRIPTOMIC,PAIRED,0,0,ILLUMINA,Illumina HiSeq 2500,SRP074371,PRJNA320545,320545,SRS1422088,SAMN04942738,393608,Opuntia streptacantha,OPS-Nopal-Cardon,NIH,SRA423546,FALSE,TRUE
135,135,SRR3478185,5/10/16 00:00,5/5/16 17:27,36814878,11780760960,36814878,320,4172,https://sra-downloadb.be-md.ncbi.nlm.nih.gov/sos2/sra-pub-run-7/SRR3478185/SRR3478185.1,SRX1744357,Opuntia_streptacantha_H2Ocontrol_Rep3,RNA-Seq,RANDOM,TRANSCRIPTOMIC,PAIRED,0,0,ILLUMINA,Illumina HiSeq 2500,SRP074371,PRJNA320545,320545,SRS1422088,SAMN04942738,393608,Opuntia streptacantha,OPS-Nopal-Cardon,NIH,SRA423546,FALSE,FALSE
136,136,SRR1616998,10/23/14 00:00,10/21/14 13:51,603625,334840369,0,554,725,https://sra-downloadb.be-md.ncbi.nlm.nih.gov/sos1/sra-pub-run-5/SRR1616998/SRR1616998.1,SRX736639,,EST,unspecified,TRANSCRIPTOMIC,SINGLE,0,0,LS454,454 GS FLX+,SRP049085,PRJNA264306,264306,SRS724695,SAMN03120801,371859,Opuntia ficus-indica,Opuntia_complete,IMPPC,SRA192562,FALSE,FALSE
137,137,SRR1698112,12/11/14 00:00,12/10/14 03:44,12494109,2498821800,12494109,200,1543,https://sra-downloadb.be-md.ncbi.nlm.nih.gov/sos1/sra-pub-run-2/SRR1698112/SRR1698112.1,SRX800791,Illumina TruSeq RNA Sample Prep Kit,RNA-Seq,DNase,TRANSCRIPTOMIC,PAIRED,450,50,ILLUMINA,Illumina HiSeq 2000,SRP050968,PRJNA269655,269655,SRS783083,SAMN03256172,307721,Leuenbergeria bleo,Per_ble,UNIVERSITY OF SHEFFIELD,SRA211427,FALSE,FALSE
138,138,SRR1698106,12/11/14 00:00,12/10/14 02:44,13000946,2600189200,13000946,200,1596,https://sra-downloadb.be-md.ncbi.nlm.nih.gov/sos1/sra-pub-run-2/SRR1698106/SRR1698106.1,SRX800778,Illumina TruSeq RNA Sample Prep Kit,RNA-Seq,DNase,TRANSCRIPTOMIC,PAIRED,450,50,ILLUMINA,Illumina HiSeq 2000,SRP050968,PRJNA269655,269655,SRS783071,SAMN03256167,307724,Pereskia grandifolia,Per_gra,UNIVERSITY OF SHEFFIELD,SRA211427,FALSE,FALSE
139,139,SRR1698113,12/11/14 00:00,12/10/14 03:43,12375578,2475115600,12375578,200,1537,https://sra-downloadb.be-md.ncbi.nlm.nih.gov/sos1/sra-pub-run-2/SRR1698113/SRR1698113.1,SRX800792,Illumina TruSeq RNA Sample Prep Kit,RNA-Seq,DNase,TRANSCRIPTOMIC,PAIRED,450,50,ILLUMINA,Illumina HiSeq 2000,SRP050968,PRJNA269655,269655,SRS783084,SAMN03256173,307717,Leuenbergeria lychnidiflora,Per_lyc,UNIVERSITY OF SHEFFIELD,SRA211427,FALSE,FALSE
140,140,ERR034493,1/2/12 20:21,2/27/19 19:37,12075,5506788,0,456,11,https://sra-downloadb.be-md.ncbi.nlm.nih.gov/sos1/sra-pub-run-1/ERR034493/ERR034493.3,ERX012833,GL2,AMPLICON,PCR,METAGENOMIC,SINGLE,0,0,LS454,454 GS FLX Titanium,ERP000672,PRJEB2537,204339,ERS033075,SAMEA1030369,939928,rhizosphere metagenome,SAMEA1030369,LIFESEQUENCING,ERA030778,FALSE,FALSE
141,141,ERR034494,1/2/12 20:21,2/27/19 19:37,14410,6565266,0,455,14,https://sra-downloadb.be-md.ncbi.nlm.nih.gov/sos1/sra-pub-run-1/ERR034494/ERR034494.2,ERX012834,GL1,AMPLICON,PCR,METAGENOMIC,SINGLE,0,0,LS454,454 GS FLX Titanium,ERP000672,PRJEB2537,204339,ERS033076,SAMEA1030370,939928,rhizosphere metagenome,SAMEA1030370,LIFESEQUENCING,ERA030778,FALSE,FALSE
142,142,SRR5036292,10/24/17 00:00,11/18/16 18:58,150566368,30113273600,150566368,200,17426,https://sra-downloadb.be-md.ncbi.nlm.nih.gov/sos2/sra-pub-run-9/SRR5036292/SRR5036292.1,SRX2360506,Cgig-PE1,WGS,RANDOM,GENOMIC,PAIRED,0,0,ILLUMINA,Illumina HiSeq 2500,SRP093540,PRJNA318822,318822,SRS1808962,SAMN04868325,171969,Carnegiea gigantea,SGP5,THE UNIVERSITY OF ARIZONA,SRA496387,FALSE,FALSE
143,143,SRR5036293,10/24/17 00:00,11/18/16 16:49,12642777,7585666200,12642777,600,3705,https://sra-downloadb.be-md.ncbi.nlm.nih.gov/sos2/sra-pub-run-9/SRR5036293/SRR5036293.1,SRX2360507,Cgig-PE3,WGS,RANDOM,GENOMIC,PAIRED,0,0,ILLUMINA,Illumina MiSeq,SRP093540,PRJNA318822,318822,SRS1808962,SAMN04868325,171969,Carnegiea gigantea,SGP5,THE UNIVERSITY OF ARIZONA,SRA496387,FALSE,FALSE
144,144,SRR5036294,10/24/17 00:00,11/23/16 15:33,133346593,26669318600,133346593,200,14509,https://sra-downloadb.be-md.ncbi.nlm.nih.gov/sos2/sra-pub-run-9/SRR5036294/SRR5036294.1,SRX2360508,Cgig-MP,WGS,RANDOM,GENOMIC,PAIRED,0,0,ILLUMINA,Illumina HiSeq 2500,SRP093540,PRJNA318822,318822,SRS1808962,SAMN04868325,171969,Carnegiea gigantea,SGP5,THE UNIVERSITY OF ARIZONA,SRA496387,FALSE,FALSE
145,145,SRR5036295,10/24/17 00:00,11/18/16 22:25,179309870,35861974000,179309870,200,21908,https://sra-downloadb.be-md.ncbi.nlm.nih.gov/sos2/sra-pub-run-9/SRR5036295/SRR5036295.1,SRX2360509,Cgig-PE2b,WGS,RANDOM,GENOMIC,PAIRED,0,0,ILLUMINA,Illumina HiSeq 2500,SRP093540,PRJNA318822,318822,SRS1808962,SAMN04868325,171969,Carnegiea gigantea,SGP5,THE UNIVERSITY OF ARIZONA,SRA496387,FALSE,FALSE
146,146,SRR5036296,10/24/17 00:00,11/18/16 22:10,179799157,35959831400,179799157,200,21988,https://sra-downloadb.be-md.ncbi.nlm.nih.gov/sos2/sra-pub-run-9/SRR5036296/SRR5036296.1,SRX2360510,Cgig-PE2a,WGS,RANDOM,GENOMIC,PAIRED,0,0,ILLUMINA,Illumina HiSeq 2500,SRP093540,PRJNA318822,318822,SRS1808962,SAMN04868325,171969,Carnegiea gigantea,SGP5,THE UNIVERSITY OF ARIZONA,SRA496387,FALSE,FALSE
147,147,SRR5134693,10/24/17 00:00,12/29/16 15:07,104896438,31602141480,104896438,301,12578,https://sra-downloadb.be-md.ncbi.nlm.nih.gov/sos2/sra-pub-run-9/SRR5134693/SRR5134693.1,SRX2450052,Sd2M,RNA-Seq,RANDOM,TRANSCRIPTOMIC,PAIRED,0,0,ILLUMINA,NextSeq 500,SRP093540,PRJNA318822,318822,SRS1883433,SAMN06189573,171969,Carnegiea gigantea,"Seedling, 2 months after germination",THE UNIVERSITY OF ARIZONA,SRA513033,FALSE,FALSE
148,148,SRR5134695,10/24/17 00:00,12/29/16 15:04,125616016,37850529689,125616016,301,15055,https://sra-downloadb.be-md.ncbi.nlm.nih.gov/sos2/sra-pub-run-9/SRR5134695/SRR5134695.1,SRX2450054,Sd5D,RNA-Seq,RANDOM,TRANSCRIPTOMIC,PAIRED,0,0,ILLUMINA,NextSeq 500,SRP093540,PRJNA318822,318822,SRS1883435,SAMN06189572,171969,Carnegiea gigantea,"Seedling, 5 days after germination",THE UNIVERSITY OF ARIZONA,SRA513033,FALSE,FALSE
149,149,SRR5134696,10/24/17 00:00,12/29/16 14:29,82150116,16430023200,82150116,200,10643,https://sra-downloadb.be-md.ncbi.nlm.nih.gov/sos2/sra-pub-run-9/SRR5134696/SRR5134696.1,SRX2450055,YR,RNA-Seq,RANDOM,TRANSCRIPTOMIC,PAIRED,0,0,ILLUMINA,Illumina HiSeq 2500,SRP093540,PRJNA318822,318822,SRS1883436,SAMN06189575,171969,Carnegiea gigantea,Young roots,THE UNIVERSITY OF ARIZONA,SRA513033,FALSE,FALSE